<?xml version="1.0" encoding="UTF-8"?>
<project-private xmlns="http://www.netbeans.org/ns/project-private/1">
    <editor-bookmarks xmlns="http://www.netbeans.org/ns/editor-bookmarks/2" lastBookmarkId="0"/>
    <open-files xmlns="http://www.netbeans.org/ns/projectui-open-files/2">
        <group>
            <file>file:/I:/test/project/UserManagment/web/log.jsp</file>
            <file>file:/I:/test/project/UserManagment/web/edituser.jsp</file>
            <file>file:/I:/test/project/UserManagment/web/index.jsp</file>
            <file>file:/I:/test/project/UserManagment/web/reg.jsp</file>
            <file>file:/I:/test/project/UserManagment/web/login.jsp</file>
            <file>file:/I:/test/project/UserManagment/web/editinfo.jsp</file>
            <file>file:/I:/test/project/UserManagment/web/css/style.css</file>
            <file>file:/I:/test/project/UserManagment/web/register.jsp</file>
            <file>file:/I:/test/project/UserManagment/web/success.jsp</file>
        </group>
    </open-files>
</project-private>
